{
  "project_info": {
    "project_number": "480273579736",
    "firebase_url": "https://road-star-7e560.firebaseio.com",
    "project_id": "road-star-7e560",
    "storage_bucket": "road-star-7e560.appspot.com"
  },
  "client": [
    {
      "client_info": {
        "mobilesdk_app_id": "1:480273579736:android:41603ddc733bd7173be1ad",
        "android_client_info": {
          "package_name": "com.roadstar.driver"
        }
      },
      "oauth_client": [
        {
          "client_id": "480273579736-mvdm516c4va94a18i7h7ttiurdh3pn7v.apps.googleusercontent.com",
          "client_type": 3
        }
      ],
      "api_key": [
        {
          "current_key": "AIzaSyCO--TQ_iF9WC2_Gv7KgjasEmnEoxwbF-E"
        }
      ],
      "services": {
        "appinvite_service": {
          "other_platform_oauth_client": [
            {
              "client_id": "480273579736-mvdm516c4va94a18i7h7ttiurdh3pn7v.apps.googleusercontent.com",
              "client_type": 3
            }
          ]
        }
      }
    }
  ],
  "configuration_version": "1"
}